O.S;Descricao Da Ordem;Codigo Produto;Quantidade de Produto
151799266;"RODANTE_RODA MOTRIZ _ REVISAR RODA MOTRIZ  -  UNID-BARRA  -  COD-3007163  -  QTD-02**(Finalizada por CS320666)**
";3007163  -  QTD-02;  QTD
151799271;"RODANTE_RODA MOTRIZ _ REVISAR RODA MOTRIZ  -  UNID-BARRA  -  COD-3007163  -  QTD-02**(Finalizada por CS320666)**
";3007163  -  QTD-02;  QTD
151799311;"RODANTE_RODA MOTRIZ _ REVISAR RODA MOTRIZ  -  UNID-BARRA  -  COD-3007163  -  QTD-02**(Finalizada por CS315737)**
";3007163  -  QTD-02;  QTD
151799318;"RODANTE_RODA MOTRIZ _ REVISAR RODA MOTRIZ  -  UNID-BARRA  -  COD-3007163  -  QTD-02**(Finalizada por CS315737)**
";3007163  -  QTD-02;  QTD
151799320;"RODANTE_RODA MOTRIZ _ REVISAR RODA MOTRIZ  -  UNID-BARRA  -  COD-3007163  -  QTD-02**(Finalizada por CS315737)**
";3007163  -  QTD-02;  QTD
151799351;"RODANTE_ RODA GUIA_ REVISAR RODA GUIA  -  UNID-BARRA  -  COD-3006324  -  QTD-02**(Finalizada por CS315737)**
";3006324  -  QTD-02;  QTD
151799353;"RODANTE_ RODA GUIA_ REVISAR RODA GUIA  -  UNID-BARRA  -  COD-3006324  -  QTD-02**(Finalizada por CS315737)**
";3006324  -  QTD-02;  QTD
151800807;"RODANTE_RODA MOTRIZ _ REVISAR RODA MOTRIZ  -  UNID-BARRA  -  COD-3007163  -  QTD-02**(Finalizada por CS075364)**
";3007163  -  QTD-02;  QTD
151801839;"HIDRÁULICA_ BOMBA HIDRÁULICA_ REVISAR BOMBA HIDRÁULICA TRANS. EIXO GROSSO LE DENTRO  -  UNID-BARRA  -  COD-3006462  -  QTD-01**(Finalizada por CS271244)**
";3006462  -  QTD-01;  QTD
151810105;"HIDRÁULICA_ MOTOR HIDRÁULICO_ REVISAR MOTOR HIDRÁULICO CORTE DE BASE M54 (1 - PRIORIDADE - URGENTE)  -  UNID-BARRA  -  COD-3006639  -  QTD-01**(Finalizada por CS271244)**
";3006639  -  QTD-01;  QTD
151815716;"TRANSMISSÃO_ TRANSMISSÃO_ REVISAR CAIXA 4 FUROS (1 - PRIORIDADE -URGENTE)  -  UNID-BARRA  -  COD-3005804  -  QTD-01  -  HH-15,83**(Finalizada por CS271244)**
";3005804  -  QTD-01;  QTD
151815748;"HIDRÁULICA_ MOTOR HIDRÁULICO_ REVISAR MOTOR HIDRÁULICO FACÃO PICADOR (1 - PRIORIDADE - URGENTE)  -  UNID-BARRA  -  COD-3005806  -  QTD-01(ORDEM ENCERRADA PARA TRANSFERENCIA DE EQUIPAMENTO)**(Finalizada por CS328251)**
";3005806  -  QTD-01;  QTD
151815765;"HIDRÁULICA_ MOTOR HIDRÁULICO_ REVISAR MOTOR PICADOR CH 670 (1 - PRIORIDADE - URGENTE)    - UNID-BARRA  -  COD-3009881  -  QTD-01**(Finalizada por CS271244)**
";3009881  -  QTD-01;  QTD
151815775;"HIDRÁULICA_ MOTOR HIDRÁULICO_ REVISAR MOTOR HIDRÁULICO (1 - PRIORIDADE - URGENTE)  -  UNID-BARRA  -  COD-3006876  -  QTD-01**(Finalizada por CS271244)**
";3006876  -  QTD-01;  QTD
151822311;"HIDRÁULICA_ BOMBA  HIDRÁULICA_ REVISAR BOMBA HIDRÁULICA CORTE DE BASE PICADOR 90L75 (1 - PRIORIDADE - URGENTE)  -  UNID-BARRA  -  COD-3006625  -  QTD-02**(Finalizada por CS271244)**
";3006625  -  QTD-02;  QTD
151825884;"TRANSMISSÃO_ TRANSMISSÃO_ REVISAR CAIXA 4 FUROS (2 - PRIORIDADE - NORMAL)  -  UNID-BARRA  -  COD-3005804  -  QTD-01**(Finalizada por CS271244)**
";3005804  -  QTD-01;  QTD
151826484;"CALDEIRARIA_ DISCO DE CORTE DE BASE_ REVISAR DISCO DE CORTE DE BASE LD/LE  -  UNID-BARRA  -  NF-N/A  -  COD-3008692  -  QTD-02
**(Finalizada por CS315737)**
";3008692  -  QTD-02;  QTD
151844165;"RODANTE_ RODA GUIA_ REVISAR RODA GUIA  -  UNID-BARRA  -  NF-N/A  -  COD-3006324  -  QTD-02**(Finalizada por CS315737)**
";3006324  -  QTD-02;  QTD
151866610;SETOR-RODANTE  -  MODELO-ESTEIRA CASE -  MANUTENÇÃO-GIRO  -  TIPO-DEVOLVER  -  PRIORIDADE-NORMAL  -  MAPA-SIM  -  STATUS-OPEX  -  HORÍMETRO-SEM INFORMAÇÃO  -  OBS-SEM INFORMAÇÃO  -  NF-N/A  -  UNID-BARRA  -  COD-3008924  -  QTD-02**(Finalizada por CS32066;3008924  -  QTD-02;  QTD
151866613;SETOR-RODANTE  -  MODELO-ESTEIRA CASE -  MANUTENÇÃO-GIRO  -  TIPO-DEVOLVER  -  PRIORIDADE-NORMAL  -  MAPA-SIM  -  STATUS-OPEX  -  HORÍMETRO-SEM INFORMAÇÃO  -  OBS-SEM INFORMAÇÃO  -  NF-N/A  -  UNID-BARRA  -  COD-3008924  -  QTD-02**(Finalizada por CS31573;3008924  -  QTD-02;  QTD
151868316;SETOR-CALDERARIA  -  MODELO-DISCO CORTE BASE 1L  -  MANUTENÇÃO-CORTAR/SOLDAR  -  TIPO-DEVOLVER  -  PRIORIDADE-NORMAL  -  MAPA-SIM  -  STATUS-OPEX  -  HORÍMETRO-N/A  -  OBS-SEM INFORMAÇÃO  -  NF-N/A  -  UNID-BARRA  -  COD-3006599  -  QTD-02**(Finalizada po;3006599  -  QTD-02;  QTD
151868336;SETOR-CALDERARIA  -  MODELO-DISCO CORTE BASE 1L  -  MANUTENÇÃO-CORTAR/SOLDAR  -  TIPO-DEVOLVER  -  PRIORIDADE-NORMAL  -  MAPA-SIM  -  STATUS-OPEX  -  HORÍMETRO-N/A  -  OBS-SEM INFORMAÇÃO  -  NF-N/A  -  UNID-BARRA  -  COD-3006599  -  QTD-02**(Finalizada po;3006599  -  QTD-02;  QTD
151868337;SETOR-CALDERARIA  -  MODELO-DISCO CORTE BASE 1L  -  MANUTENÇÃO-CORTAR/SOLDAR  -  TIPO-DEVOLVER  -  PRIORIDADE-NORMAL  -  MAPA-SIM  -  STATUS-OPEX  -  HORÍMETRO-N/A  -  OBS-SEM INFORMAÇÃO  -  NF-N/A  -  UNID-BARRA  -  COD-3006599  -  QTD-02**(Finalizada po;3006599  -  QTD-02;  QTD
151868338;SETOR-CALDERARIA  -  MODELO-DISCO CORTE BASE 1L  -  MANUTENÇÃO-CORTAR/SOLDAR  -  TIPO-DEVOLVER  -  PRIORIDADE-NORMAL  -  MAPA-SIM  -  STATUS-OPEX  -  HORÍMETRO-N/A  -  OBS-SEM INFORMAÇÃO  -  NF-N/A  -  UNID-BARRA  -  COD-3006599  -  QTD-02**(Finalizada po;3006599  -  QTD-02;  QTD
151868340;SETOR-CALDERARIA  -  MODELO-DISCO CORTE BASE 1L  -  MANUTENÇÃO-CORTAR/SOLDAR  -  TIPO-DEVOLVER  -  PRIORIDADE-NORMAL  -  MAPA-SIM  -  STATUS-OPEX  -  HORÍMETRO-N/A  -  OBS-SEM INFORMAÇÃO  -  NF-N/A  -  UNID-BARRA  -  COD-3006599  -  QTD-02**(Finalizada po;3006599  -  QTD-02;  QTD
151868341;SETOR-CALDERARIA  -  MODELO-DISCO CORTE BASE 1L  -  MANUTENÇÃO-CORTAR/SOLDAR  -  TIPO-DEVOLVER  -  PRIORIDADE-NORMAL  -  MAPA-SIM  -  STATUS-OPEX  -  HORÍMETRO-N/A  -  OBS-SEM INFORMAÇÃO  -  NF-N/A  -  UNID-BARRA  -  COD-3006599  -  QTD-02**(Finalizada po;3006599  -  QTD-02;  QTD
151868387;"CALDEIRARIA_ DISCO DE CORTE DE BASE_ REVISAR DISCO DE CORTE DE BASE LD/LE  -  UNID-BARRA  -  NF-N/A  -  COD-3006596  -  QTD-02**(Finalizada por CS315737)**
";3006596  -  QTD-02;  QTD
151868388;"CALDEIRARIA_ DISCO DE CORTE DE BASE_ REVISAR DISCO DE CORTE DE BASE LD/LE  -  UNID-BARRA -  NF-N/A  -  COD-3006596  -  QTD-02**(Finalizada por CS315737)**
";3006596  -  QTD-02;  QTD
151869527;SETOR-RODANTE   -  MODELO-ESTEIRA JD  -  MANUTENÇÃO-COLAR NOVO/ SAPATA NOVA  -  TIPO-DEVOLVER  -  PRIORIDADE-NORMAL  -  MAPA-SIM  -  STATUS-OPEX  -  HORÍMETRO-SEM INFORMAÇÃO  -  OBS-SEM INFORMAÇÃO  -  NF-N/A  -  UNID-BARRA  -  COD-3008178  -  QTD-02**(Fin;3008178  -  QTD-02;  QTD
151869528;SETOR-RODANTE   -  MODELO-ESTEIRA JD  -  MANUTENÇÃO-COLAR NOVO/ SAPATA NOVA  -  TIPO-DEVOLVER  -  PRIORIDADE-NORMAL  -  MAPA-SIM  -  STATUS-OPEX  -  HORÍMETRO-SEM INFORMAÇÃO  -  OBS-SEM INFORMAÇÃO  -  NF-N/A  -  UNID-BARRA  -  COD-3008178  -  QTD-02**(Fin;3008178  -  QTD-02;  QTD
151869529;SETOR-RODANTE   -  MODELO-ESTEIRA JD  -  MANUTENÇÃO-COLAR NOVO/ SAPATA NOVA  -  TIPO-DEVOLVER  -  PRIORIDADE-NORMAL  -  MAPA-SIM  -  STATUS-OPEX  -  HORÍMETRO-SEM INFORMAÇÃO  -  OBS-SEM INFORMAÇÃO  -  NF-N/A  -  UNID-BARRA  -  COD-3008178  -  QTD-02**(Fin;3008178  -  QTD-02;  QTD
151869530;SETOR-RODANTE   -  MODELO-ESTEIRA JD  -  MANUTENÇÃO-COLAR NOVO/ SAPATA USADA  -  TIPO-DEVOLVER  -  PRIORIDADE-NORMAL  -  MAPA-SIM  -  STATUS-OPEX  -  HORÍMETRO-SEM INFORMAÇÃO  -  OBS-SEM INFORMAÇÃO  -  NF-N/A  -  UNID-BARRA  -  COD-3008178  -  QTD-02**(Fi;3008178  -  QTD-02;  QTD
151869533;SETOR-RODANTE   -  MODELO-ESTEIRA JD  -  MANUTENÇÃO-COLAR NOVO/ SAPATA USADA  -  TIPO-DEVOLVER  -  PRIORIDADE-NORMAL  -  MAPA-SIM  -  STATUS-OPEX  -  HORÍMETRO-SEM INFORMAÇÃO  -  OBS-SEM INFORMAÇÃO  -  NF-N/A  -  UNID-BARRA  -  COD-3008178  -  QTD-02**(Fi;3008178  -  QTD-02;  QTD
151873587;SETOR-RODANTE   -  MODELO-ESTEIRA JD  -  MANUTENÇÃO-COLAR NOVO/ SAPATA NOVA  -  TIPO-DEVOLVER  -  PRIORIDADE-NORMAL  -  MAPA-SIM  -  STATUS-OPEX  -  HORÍMETRO-SEM INFORMAÇÃO  -  OBS-SEM INFORMAÇÃO  -  NF-N/A  -  UNID-BARRA  -  COD-3008178  -  QTD-02**(Fin;3008178  -  QTD-02;  QTD
151880021;SETOR-RODANTE   -  MODELO-ESTEIRA JD  -  MANUTENÇÃO-COLAR NOVO/ SAPATA NOVA  -  TIPO-DEVOLVER  -  PRIORIDADE-NORMAL  -  MAPA-NÃO  -  STATUS-OPEX  -  HORÍMETRO-N/A  -  OBS-SEM INFORMAÇÃO  -  NF-N/A -  UNID-BARRA  -  COD-3008178  -  QTD-02**(Finalizada por ;3008178  -  QTD-02;  QTD
151880023;SETOR-RODANTE   -  MODELO-ESTEIRA JD  -  MANUTENÇÃO-COLAR NOVO/ SAPATA NOVA  -  TIPO-DEVOLVER  -  PRIORIDADE-NORMAL  -  MAPA-NÃO  -  STATUS-OPEX  -  HORÍMETRO-N/A  -  OBS-SEM INFORMAÇÃO  -  NF-N/A -  UNID-BARRA  -  COD-3008178  -  QTD-02**(Finalizada por ;3008178  -  QTD-02;  QTD
151880024;SETOR-RODANTE   -  MODELO-ESTEIRA JD  -  MANUTENÇÃO-COLAR NOVO/ SAPATA NOVA  -  TIPO-DEVOLVER  -  PRIORIDADE-NORMAL  -  MAPA-NÃO  -  STATUS-OPEX  -  HORÍMETRO-N/A  -  OBS-SEM INFORMAÇÃO  -  NF-N/A -  UNID-BARRA  -  COD-3008178  -  QTD-02**(Finalizada por ;3008178  -  QTD-02;  QTD
151880026;SETOR-RODANTE   -  MODELO-ESTEIRA JD  -  MANUTENÇÃO-COLAR NOVO/ SAPATA NOVA  -  TIPO-DEVOLVER  -  PRIORIDADE-NORMAL  -  MAPA-NÃO  -  STATUS-OPEX  -  HORÍMETRO-N/A  -  OBS-SEM INFORMAÇÃO  -  NF-N/A -  UNID-BARRA  -  COD-3008178  -  QTD-02**(Finalizada por ;3008178  -  QTD-02;  QTD
151880027;SETOR-RODANTE   -  MODELO-ESTEIRA JD  -  MANUTENÇÃO-COLAR NOVO/ SAPATA NOVA  -  TIPO-DEVOLVER  -  PRIORIDADE-NORMAL  -  MAPA-NÃO  -  STATUS-OPEX  -  HORÍMETRO-N/A  -  OBS-SEM INFORMAÇÃO  -  NF-N/A -  UNID-BARRA  -  COD-3008178  -  QTD-02**(Finalizada por ;3008178  -  QTD-02;  QTD
151880028;SETOR-RODANTE   -  MODELO-ESTEIRA JD  -  MANUTENÇÃO-COLAR NOVO/ SAPATA NOVA  -  TIPO-DEVOLVER  -  PRIORIDADE-NORMAL  -  MAPA-NÃO  -  STATUS-OPEX  -  HORÍMETRO-N/A  -  OBS-SEM INFORMAÇÃO  -  NF-N/A -  UNID-BARRA  -  COD-3008178  -  QTD-02**(Finalizada por ;3008178  -  QTD-02;  QTD
151880029;SETOR-RODANTE   -  MODELO-ESTEIRA JD  -  MANUTENÇÃO-COLAR NOVO/ SAPATA NOVA  -  TIPO-DEVOLVER  -  PRIORIDADE-NORMAL  -  MAPA-NÃO  -  STATUS-OPEX  -  HORÍMETRO-N/A  -  OBS-SEM INFORMAÇÃO  -  NF-N/A -  UNID-BARRA  -  COD-3008178  -  QTD-02**(Finalizada por ;3008178  -  QTD-02;  QTD
151880494;"SETOR-RODANTE   -  MODELO-ESTEIRA JD  -  MANUTENÇÃO-COLAR NOVO/ SAPATA USADA  -  TIPO-DEVOLVER  -  PRIORIDADE-NORMAL  -  MAPA-NÃO  -  STATUS-OPEX  -  HORÍMETRO-N/A  -  OBS-SEM INFORMAÇÃO  -  NF-N/A -  UNID-BARRA  -  COD-3008178  -  QTD-02
**(Finalizada po";3008178  -  QTD-02;  QTD
151884216;"SETOR-PCM  -  MOTIVO-ORDEM ABERTA PARA RESERVA DE PEÇAS (CRIAR RC - 950)  -  UNID-BARRA  -  COD-3003293  -  QTD-01**(Finalizada por CS320666)**
";3003293  -  QTD-01;  QTD
151886810;"SETOR-RODANTE   -  MODELO-ESTEIRA JD  -  MANUTENÇÃO-GIRO  -  TIPO-DEVOLVER  -  PRIORIDADE-NORMAL  -  MAPA-SIM  -  STATUS-OPEX  -  HORÍMETRO-N/A  -  OBS-SEM INFORMAÇÃO  -  NF-N/A -  UNID-BARRA  -  COD-3008924  -  QTD-02**(Finalizada por CS320666)**
";3008924  -  QTD-02;  QTD
151886811;"SETOR-RODANTE   -  MODELO-ESTEIRA JD  -  MANUTENÇÃO-GIRO  -  TIPO-DEVOLVER  -  PRIORIDADE-NORMAL  -  MAPA-SIM  -  STATUS-OPEX  -  HORÍMETRO-N/A  -  OBS-SEM INFORMAÇÃO  -  NF-N/A -  UNID-BARRA  -  COD-3008924  -  QTD-02**(Finalizada por CS320666)**
";3008924  -  QTD-02;  QTD
151887482;SETOR-RODANTE   -  MODELO-ESTEIRA CASE  -  MANUTENÇÃO-GIRO  -  TIPO-DEVOLVER  -  PRIORIDADE-NORMAL  -  MAPA-SIM  -  STATUS-OPEX  -  HORÍMETRO-SEM INFORMAÇÃO  -  OBS-SEM INFORMAÇÃO  -  UNID-BARRA  -  NF-N/A  -  COD-3011201  -  QTD-02**(Finalizada por CS320;3011201  -  QTD-02;  QTD
151887485;SETOR-RODANTE   -  MODELO-ESTEIRA CASE  -  MANUTENÇÃO-GIRO  -  TIPO-DEVOLVER  -  PRIORIDADE-NORMAL  -  MAPA-SIM  -  STATUS-OPEX  -  HORÍMETRO-SEM INFORMAÇÃO  -  OBS-SEM INFORMAÇÃO  -  UNID-BARRA  -  NF-N/A  -  COD-3011201  -  QTD-02**(Finalizada por CS320;3011201  -  QTD-02;  QTD
151887930;SETOR-RODANTE   -  MODELO-ESTEIRA JD  -  MANUTENÇÃO-COLAR NOVO/ SAPATA NOVA  -  TIPO-DEVOLVER  -  PRIORIDADE-NORMAL  -  MAPA-SIM  -  STATUS-OPEX  -  HORÍMETRO-SEM INFORMAÇÃO  -  OBS-SEM INFORMAÇÃO  -  NF-N/A  -  UNID-BARRA  -  COD-3008178  -  QTD-02**(Fin;3008178  -  QTD-02;  QTD
151887931;"SETOR-RODANTE   -  MODELO-ESTEIRA JD  -  MANUTENÇÃO-COLAR NOVO/ SAPATA NOVA  -  TIPO-DEVOLVER  -  PRIORIDADE-NORMAL  -  MAPA-SIM  -  STATUS-OPEX  -  HORÍMETRO-SEM INFORMAÇÃO  -  OBS-SEM INFORMAÇÃO  -  NF-N/A  -  UNID-DIAMANTE  -  COD-3008178  -  QTD-02
**";3008178  -  QTD-02;  QTD
151890887;"SETOR-RODANTE   -  MODELO-ESTEIRA JD  -  MANUTENÇÃO-COLAR NOVO/ SAPATA NOVA  -  TIPO-DEVOLVER  -  PRIORIDADE-NORMAL  -  MAPA-SIM  -  STATUS-OPEX  -  HORÍMETRO-SEM INFORMAÇÃO  -  OBS-SEM INFORMAÇÃO  -  NF-N/A  -  UNID-BARRA  -  COD-3008178  -  QTD-02
**(Fi";3008178  -  QTD-02;  QTD
151893635;"SETOR-PCM  -  MOTIVO-ORDEM ABERTA PARA RESERVA DE PEÇAS  -  UNID-BARRA  -  COD-3003293  -  QTD-01**(Finalizada por CS271244)**
";3003293  -  QTD-01;  QTD
151893636;"SETOR-PCM  -  MOTIVO-ORDEM ABERTA PARA RESERVA DE PEÇAS  -  UNID-BARRA  -  COD-3003293  -  QTD-01**(Finalizada por CS271244)**
";3003293  -  QTD-01;  QTD
151896380;"SETOR-PCM  -  MOTIVO-ORDEM ABERTA PARA RESERVA DE PEÇAS  -  UNID-DIAMANTE  -  COD-3003293  -  QTD-01**(Finalizada por CS271244)**
";3003293  -  QTD-01;  QTD
151897193;"SETOR-PCM  -  MOTIVO-ORDEM ABERTA PARA TRAVA DE VERBA (RC FAKE)  -  UNID-BARRA  -  COD-3003296  -  QTD-01														**(Finalizada por CS315737)**
";3003296  -  QTD-01;  QTD
151897201;"SETOR-PCM  -  MOTIVO-ORDEM ABERTA PARA TRAVA DE VERBA (RC FAKE)  -  UNID-BARRA  -  COD-3003296  -  QTD-01														**(Finalizada por CS075364)**
";3003296  -  QTD-01;  QTD
151897208;"SETOR-PCM  -  MOTIVO-ORDEM ABERTA PARA TRAVA DE VERBA (RC FAKE)  -  UNID-BARRA  -  COD-3003296  -  QTD-01**(Finalizada por CS315737)**
";3003296  -  QTD-01;  QTD
151897209;"SETOR-PCM  -  MOTIVO-ORDEM ABERTA PARA TRAVA DE VERBA (RC FAKE)  -  UNID-BARRA  -  COD-3003296  -  QTD-01**(Finalizada por CS315737)**
";3003296  -  QTD-01;  QTD
151897210;"SETOR-PCM  -  MOTIVO-ORDEM ABERTA PARA TRAVA DE VERBA (RC FAKE)  -  UNID-BARRA  -  COD-3003296  -  QTD-01**(Finalizada por CS315737)**
";3003296  -  QTD-01;  QTD
151897211;"SETOR-PCM  -  MOTIVO-ORDEM ABERTA PARA TRAVA DE VERBA (RC FAKE)  -  UNID-BARRA  -  COD-3003296  -  QTD-01**(Finalizada por CS315737)**
";3003296  -  QTD-01;  QTD
151897212;"SETOR-PCM  -  MOTIVO-ORDEM ABERTA PARA TRAVA DE VERBA (RC FAKE)  -  UNID-BARRA  -  COD-3003296  -  QTD-01**(Finalizada por CS315737)**
";3003296  -  QTD-01;  QTD
151897214;"SETOR-PCM  -  MOTIVO-ORDEM ABERTA PARA TRAVA DE VERBA (RC FAKE)  -  UNID-BARRA  -  COD-3003296  -  QTD-01**(Finalizada por CS315737)**
";3003296  -  QTD-01;  QTD
151897215;"SETOR-PCM  -  MOTIVO-ORDEM ABERTA PARA TRAVA DE VERBA (RC FAKE)  -  UNID-BARRA  -  COD-3003296  -  QTD-01**(Finalizada por CS315737)**
";3003296  -  QTD-01;  QTD
151897217;"SETOR-PCM  -  MOTIVO-ORDEM ABERTA PARA TRAVA DE VERBA (RC FAKE)  -  UNID-BARRA  -  COD-3003296  -  QTD-01**(Finalizada por CS315737)**
";3003296  -  QTD-01;  QTD
151897218;"SETOR-PCM  -  MOTIVO-ORDEM ABERTA PARA TRAVA DE VERBA (RC FAKE)  -  UNID-BARRA  -  COD-3003296  -  QTD-01**(Finalizada por CS315737)**
";3003296  -  QTD-01;  QTD
151897220;"SETOR-PCM  -  MOTIVO-ORDEM ABERTA PARA TRAVA DE VERBA (RC FAKE)  -  UNID-BARRA  -  COD-3003296  -  QTD-01**(Finalizada por CS315737)**
";3003296  -  QTD-01;  QTD
151897221;"SETOR-PCM  -  MOTIVO-ORDEM ABERTA PARA TRAVA DE VERBA (RC FAKE)  -  UNID-BARRA  -  COD-3003296  -  QTD-01**(Finalizada por CS315737)**
";3003296  -  QTD-01;  QTD
151897386;"SETOR-PCM  -  MOTIVO-ORDEM ABERTA PARA TRAVA DE VERBA (RC FAKE)  -  UNID-BARRA  -  COD-3003296  -  QTD-01**(Finalizada por CS315737)**
";3003296  -  QTD-01;  QTD
151897387;"SETOR-PCM  -  MOTIVO-ORDEM ABERTA PARA TRAVA DE VERBA (RC FAKE)  -  UNID-BARRA  -  COD-3003296  -  QTD-01**(Finalizada por CS315737)**
";3003296  -  QTD-01;  QTD
151897396;"SETOR-PCM  -  MOTIVO-ORDEM ABERTA PARA TRAVA DE VERBA (RC FAKE)  -  UNID-BARRA  -  COD-3003296  -  QTD-01**(Finalizada por CS315737)**
";3003296  -  QTD-01;  QTD
151899410;"SETOR-PCM  -  MOTIVO-ORDEM ABERTA PARA RESERVA DE PEÇAS  -  UNID-BARRA  -  COD-3003293  -  QTD-01**(Finalizada por CS271244)**
";3003293  -  QTD-01;  QTD
151901106;"SETOR-PCM  -  MOTIVO-ORDEM ABERTA PARA TRAVA DE VERBA (RC FAKE)  -  UNID-BARRA  -  COD-3003296  -  QTD-01**(Finalizada por CS315737)**
";3003296  -  QTD-01;  QTD
151901272;"SETOR-RODANTE   -  MODELO-ESTEIRA JD  -  MANUTENÇÃO-GIRO  -  TIPO-DEVOLVER  -  PRIORIDADE-NORMAL  -  MAPA-SIM  -  STATUS-OPEX  -  HORÍMETRO-N/A  -  OBS-SEM INFORMAÇÃO  -  NF-N/A -  UNID-BARRA  -  COD-3008924  -  QTD-02**(Finalizada por CS320666)**
";3008924  -  QTD-02;  QTD
151902054;"SETOR-PCM  -  MOTIVO-ORDEM ABERTA PARA RESERVA DE PEÇAS  -  UNID-BARRA  -  COD-3003293  -  QTD-01														**(Finalizada por CS271244)**
";3003293  -  QTD-01;  QTD
151902326;"SETOR-PCM  -  MOTIVO-ORDEM ABERTA PARA TRAVA DE VERBA (RC FAKE)  -  UNID-BARRA  -  COD-3003296  -  QTD-01**(Finalizada por CS271244)**
";3003296  -  QTD-01;  QTD
151902491;"SETOR-PCM  -  MOTIVO-ORDEM ABERTA PARA RESERVA DE PEÇAS  -  UNID-BARRA  -  COD-3003293  -  QTD-01**(Finalizada por CS095713)**
";3003293  -  QTD-01;  QTD
151902816;"SETOR-PCM  -  MOTIVO-ORDEM ABERTA PARA RESERVA DE PEÇAS  -  UNID-DIAMANTE -  COD-3003293  -  QTD-01**(Finalizada por CS278254)**
";3003293  -  QTD-01;  QTD
151910733;"SETOR-PCM  -  MOTIVO-ORDEM ABERTA PARA RESERVA DE PEÇAS  -  UNID-BARRA  -  COD-3003293  -  QTD-01**(Finalizada por CS271244)**
";3003293  -  QTD-01;  QTD
151923286;"CRR_RODANTE-ORDEM ABERTA PARA TRAVA DE VERBA (RC FAKE)  -  UNID-DIAMANTE  -  COD-3008924  -  QTD-02**(Finalizada por CS075364)**
";3008924  -  QTD-02;  QTD
151926516;"SETOR-PCM  -  MOTIVO-ORDEM ABERTA PARA TRAVA DE VERBA (RC FAKE)  -  UNID-BARRA  -  COD-3003296  -  QTD-01	VERBA MOTOR 81507 UNIVALEM 													**(Finalizada por CS271244)**
";3003296  -  QTD-01;  QTD
151926521;"SETOR-PCM  -  MOTIVO-ORDEM ABERTA PARA TRAVA DE VERBA (RC FAKE)  -  UNID-BARRA  -  COD-3003296  -  QTD-01														**(Finalizada por CS271244)**
";3003296  -  QTD-01;  QTD
151928840;"SETOR-PCM  -  MOTIVO-ORDEM ABERTA PARA RESERVA DE PEÇAS  -  UNID-BARRA  -  COD-3003293  -  QTD-01**(Finalizada por CS271244)**
";3003293  -  QTD-01;  QTD
151933047;"SETOR-PCM  -  MOTIVO-ORDEM ABERTA PARA REQUISIÇÃO DE PEÇAS (2 CUBO CONDENADO RESERVA CRR)  -  UNID-BARRA  -  COD-3003293  -  QTD-01**(Finalizada por CS328251)**
";3003293  -  QTD-01;  QTD
151933056;"SETOR-PCM  -  MOTIVO-ORDEM ABERTA PARA REQUISIÇÃO DE PEÇAS (1 CUBO CONDENADO RESERVA CRR)  -  UNID-BARRA  -  COD-3003293  -  QTD-01
**(Finalizada por CS328251)**
";3003293  -  QTD-01;  QTD
151934858;"SETOR-RODANTE  -  MOTIVO-ORDEM ABERTA PARA TRAVA DE VERBA (RC FAKE)  -  UNID-BARRA  -  COD-3003296  -  QTD-02**(Finalizada por CS113822)**
";3003296  -  QTD-02;  QTD
151935173;"SETOR-RODANTE  -  MOTIVO-ORDEM ABERTA PARA TRAVA DE VERBA (RC FAKE)  -  UNID-DIAMANTE  -  COD-3003296  -  QTD-02**(Finalizada por CS113822)**
";3003296  -  QTD-02;  QTD
151943279;"SETOR-RODANTE   -  MODELO-ESTEIRA JD  -  MANUTENÇÃO-GIRO  -  TIPO-DEVOLVER  -  PRIORIDADE-NORMAL  -  MAPA-SIM  -  STATUS-OPEX  -  HORÍMETRO-SEM INFORMAÇÃO  -  OBS-SEM INFORMAÇÃO  -  UNID-BARRA  -  COD-3008924  -  QTD-02**(Finalizada por CS320666)**
";3008924  -  QTD-02;  QTD
151943280;"SETOR-RODANTE   -  MODELO-ESTEIRA JD  -  MANUTENÇÃO-GIRO  -  TIPO-DEVOLVER  -  PRIORIDADE-NORMAL  -  MAPA-SIM  -  STATUS-OPEX  -  HORÍMETRO-SEM INFORMAÇÃO  -  OBS-SEM INFORMAÇÃO  -  UNID-BARRA  -  COD-3008924  -  QTD-02**(Finalizada por CS320666)**
";3008924  -  QTD-02;  QTD
151954439;"SETOR-RODANTE   -  MODELO-ESTEIRA CASE  -  MANUTENÇÃO-GIRO  -  TIPO-DEVOLVER  -  PRIORIDADE-NORMAL  -  MAPA-NÃO  -  STATUS-OPEX  -  HORÍMETRO-SEM INFORMAÇÃO  -  OBS-SEM INFORMAÇÃO  -  UNID-BARRA  -  COD-3012000  -  QTD-02**(Finalizada por CS320666)**
";3012000  -  QTD-02;  QTD
151956597;"SETOR-RODANTE   -  MODELO-ESTEIRA CASE  -  MANUTENÇÃO-GIRO  -  TIPO-DEVOLVER  -  PRIORIDADE-NORMAL  -  MAPA-SIM  -  STATUS-OPEX  -  HORÍMETRO-SEM INFORMAÇÃO  -  OBS-SEM INFORMAÇÃO  -  UNID-BARRA  -  COD-3011200  -  QTD-02**(Finalizada por CS320666)**
";3011200  -  QTD-02;  QTD
151959623;SETOR-RODANTE   -  MODELO-ESTEIRA JD  -  MANUTENÇÃO-GIRO  -  TIPO-DEVOLVER  -  PRIORIDADE-NORMAL  -  MAPA-SIM  -  STATUS-OPEX  -  HORÍMETRO-SEM INFORMAÇÃO  -  OBS-SEM INFORMAÇÃO  -  NF-N/A  -  UNID-BARRA  -  COD-3008924  -  QTD-02**(Finalizada por CS32066;3008924  -  QTD-02;  QTD
151961657;"SETOR-RODANTE   -  MODELO-ESTEIRA JD  -  MANUTENÇÃO-COLAR NOVO  -  TIPO-DEVOLVER -  PRIORIDADE-NORMAL  -  MAPA-SIM -  STATUS-OPEX  -  HORÍMETRO-SEM INFORMAÇÃO  -  OBS-SEM INFORMAÇÃO  -  UNID-BARRA-  COD-3008924  -  QTD-02**(Finalizada por CS320666)**
";3008924  -  QTD-02;  QTD
151963832;"SETOR-PCM  -  MOTIVO-ORDEM ABERTA PARA RESERVA DE PEÇAS  -  UNID-BARRA  -  COD-3003293  -  QTD-01 - SOLICITADO POR RAFAEL KUMAGAI A ALTERAÇÃO DA FROTA 49581 ORDEM 151962845 PARA 49583.**(Finalizada por CS271244)**
";3003293  -  QTD-01;  QTD
151966538;"SETOR-PCM  -  MOTIVO-ORDEM ABERTA PARA TRAVA DE VERBA (RC FAKE)  -  UNID-BARRA  -  COD-3003296  -  QTD-01**(Finalizada por CS271244)**
";3003296  -  QTD-01;  QTD
151966551;"SETOR-PCM  -  MOTIVO-ORDEM ABERTA PARA TRAVA DE VERBA (RC FAKE)  -  UNID-BARRA  -  COD-3003296  -  QTD-01**(Finalizada por CS271244)**
";3003296  -  QTD-01;  QTD
151966988;SETOR-RODANTE   -  MODELO-ESTEIRA JD  -  MANUTENÇÃO-GIRO  -  TIPO-DEVOLVER  -  PRIORIDADE-NORMAL  -  MAPA-SIM  -  STATUS-OPEX  -  HORÍMETRO-SEM INFORMAÇÃO  -  OBS-SEM INFORMAÇÃO  -  NF-N/A  -  UNID-BARRA  -  COD-3008178  -  QTD-02**(Finalizada por CS32066;3008178  -  QTD-02;  QTD
151966989;SETOR-RODANTE   -  MODELO-ESTEIRA JD  -  MANUTENÇÃO-GIRO  -  TIPO-DEVOLVER  -  PRIORIDADE-NORMAL  -  MAPA-SIM  -  STATUS-OPEX  -  HORÍMETRO-SEM INFORMAÇÃO  -  OBS-SEM INFORMAÇÃO  -  NF-N/A  -  UNID-BARRA  -  COD-3008178  -  QTD-02**(Finalizada por CS32066;3008178  -  QTD-02;  QTD
151971943;"SETOR-PCM  -  MOTIVO-ORDEM ABERTA PARA RESERVA DE PEÇAS  -  UNID-BARRA  -  COD-3003293  -  QTD-01 - ( ORDEM ANTIGA: 151964593 - liberado verba após ordem ter sido encerrada.**(Finalizada por CS271244)**
";3003293  -  QTD-01;  QTD
151978870;"SETOR-RODANTE   -  MODELO-ESTEIRA CASE  -  MANUTENÇÃO-GIRO  -  TIPO-DEVOLVER -  PRIORIDADE-NORMAL  -  MAPA-SIM -  STATUS-OPEX  -  HORÍMETRO-SEM INFORMAÇÃO  -  OBS-SEM INFORMAÇÃO  -  UNID-BARRA  -  COD-3010200  -  QTD-02**(Finalizada por CS320666)**
";3010200  -  QTD-02;  QTD
151981899;"SETOR-RODANTE  -  MOTIVO-ORDEM ABERTA PARA TRAVA DE VERBA (RC FAKE)  -  UNID-BARRA  -  COD-3003296  -  QTD-02**(Finalizada por CS320666)**
";3003296  -  QTD-02;  QTD
151982052;"SETOR-RODANTE  -  MOTIVO-ORDEM ABERTA PARA TRAVA DE VERBA (RC FAKE)  -  UNID-BARRA -  COD-3003296  -  QTD-02**(Finalizada por CS320666)**
";3003296  -  QTD-02;  QTD
151982058;"SETOR-RODANTE  -  MOTIVO-ORDEM ABERTA PARA TRAVA DE VERBA (RC FAKE)  -  UNID-DIAMANTE -  COD-3003296  -  QTD-02**(Finalizada por CS320666)**
";3003296  -  QTD-02;  QTD
151991928;"SETOR-PCM  -  MOTIVO-ORDEM ABERTA PARA RESERVA DE PEÇAS  -  UNID-BARRA  -  COD-3003293  -  QTD-01 - OBS: Substituição da frota 81507 que não está disponivel, enviado e-mail para Rafael Ramos dia 27/11/2024.**(Finalizada por CS271244)**
";3003293  -  QTD-01;  QTD
151991937;"SETOR-PCM  -  MOTIVO-ORDEM ABERTA PARA RESERVA DE PEÇAS  -  UNID-BARRA  -  COD-3003293  -  QTD-01**(Finalizada por CS271244)**
";3003293  -  QTD-01;  QTD
151992001;"SETOR-PCM  -  MOTIVO-ORDEM ABERTA PARA TRAVA DE VERBA (RC FAKE)  -  UNID-BARRA  -  COD-3003296  -  QTD-01**(Finalizada por CS271244)**
";3003296  -  QTD-01;  QTD
151992012;"SETOR-PCM  -  MOTIVO-ORDEM ABERTA PARA TRAVA DE VERBA (RC FAKE)  -  UNID-BARRA  -  COD-3003296  -  QTD-01**(Finalizada por CS271244)**
";3003296  -  QTD-01;  QTD
151992017;"SETOR-PCM  -  MOTIVO-ORDEM ABERTA PARA TRAVA DE VERBA (RC FAKE)  -  UNID-BARRA  -  COD-3003296  -  QTD-01**(Finalizada por CS271244)**
";3003296  -  QTD-01;  QTD
151992420;"SETOR-PCM  -  MOTIVO-ORDEM ABERTA PARA TRAVA DE VERBA (RC FAKE)  -  UNID-BARRA  -  COD-3003296  -  QTD-01**(Finalizada por CS271244)**
";3003296  -  QTD-01;  QTD
151992422;"SETOR-PCM  -  MOTIVO-ORDEM ABERTA PARA TRAVA DE VERBA (RC FAKE)  -  UNID-BARRA  -  COD-3003296  -  QTD-01**(Finalizada por CS271244)**
";3003296  -  QTD-01;  QTD
151995807;"SETOR-PCM  -  MOTIVO-ORDEM ABERTA PARA RESERVA DE PEÇAS  -  UNID-BARRA  -  COD-3003293  -  QTD-01**(Finalizada por CS271244)**
";3003293  -  QTD-01;  QTD
152546293;"SETOR-PCM  -  MOTIVO-ORDEM ABERTA PARA RESERVA DE PEÇAS  -  UNID-BARRA  -  COD-3003293  -  QTD-01 COMPONENTE HIDRAULICA										**(Finalizada por CS271244)**
";3003293  -  QTD-01;  QTD
152547462;"SETOR-PCM  -  MOTIVO-ORDEM ABERTA PARA TRAVA DE VERBA (RC FAKE)  -  UNID-BARRA  -  COD-3003296  -  QTD-01														**(Finalizada por CS271244)**
";3003296  -  QTD-01;  QTD
152547464;"SETOR-PCM  -  MOTIVO-ORDEM ABERTA PARA TRAVA DE VERBA (RC FAKE)  -  UNID-BARRA  -  COD-3003296  -  QTD-01														**(Finalizada por CS271244)**
";3003296  -  QTD-01;  QTD
152547466;"SETOR-PCM  -  MOTIVO-ORDEM ABERTA PARA TRAVA DE VERBA (RC FAKE)  -  UNID-BARRA  -  COD-3003296  -  QTD-01														**(Finalizada por CS271244)**
";3003296  -  QTD-01;  QTD
152547468;"SETOR-PCM  -  MOTIVO-ORDEM ABERTA PARA TRAVA DE VERBA (RC FAKE)  -  UNID-BARRA  -  COD-3003296  -  QTD-01														**(Finalizada por CS271244)**
";3003296  -  QTD-01;  QTD
152547469;"SETOR-PCM  -  MOTIVO-ORDEM ABERTA PARA TRAVA DE VERBA (RC FAKE)  -  UNID-BARRA  -  COD-3003296  -  QTD-01														**(Finalizada por CS271244)**
";3003296  -  QTD-01;  QTD
152547472;"SETOR-PCM  -  MOTIVO-ORDEM ABERTA PARA TRAVA DE VERBA (RC FAKE)  -  UNID-BARRA  -  COD-3003296  -  QTD-01														**(Finalizada por CS342111)**
";3003296  -  QTD-01;  QTD
152547476;"SETOR-MOTOR DIESEL  -  MOTIVO-AVALIAÇÃO DE GARANTIA  -  UNID-BARRA  -  COD-3003290  -  QTD-01**(Finalizada por CS271244)**
";3003290  -  QTD-01;  QTD
152550571;"SETOR-PCM  -  MOTIVO-ORDEM ABERTA PARA TRAVA DE VERBA (RC FAKE)  -  UNID-BARRA  -  COD-3003296  -  QTD-01														**(Finalizada por CS271244)**
";3003296  -  QTD-01;  QTD
152550576;"SETOR-PCM  -  MOTIVO-ORDEM ABERTA PARA TRAVA DE VERBA (RC FAKE)  -  UNID-BARRA  -  COD-3003296  -  QTD-01														**(Finalizada por CS271244)**
";3003296  -  QTD-01;  QTD
152550582;"SETOR-PCM  -  MOTIVO-ORDEM ABERTA PARA TRAVA DE VERBA (RC FAKE)  -  UNID-BARRA  -  COD-3003296  -  QTD-01														**(Finalizada por CS271244)**
";3003296  -  QTD-01;  QTD
152550585;"SETOR-PCM  -  MOTIVO-ORDEM ABERTA PARA TRAVA DE VERBA (RC FAKE)  -  UNID-BARRA  -  COD-3003296  -  QTD-01														**(Finalizada por CS271244)**
";3003296  -  QTD-01;  QTD
152550598;"SETOR-PCM  -  MOTIVO-ORDEM ABERTA PARA TRAVA DE VERBA (RC FAKE)  -  UNID-BARRA  -  COD-3003296  -  QTD-01														**(Finalizada por CS271244)**
";3003296  -  QTD-01;  QTD
152550624;"SETOR-PCM  -  MOTIVO-ORDEM ABERTA PARA TRAVA DE VERBA (RC FAKE)  -  UNID-BARRA  -  COD-3003296  -  QTD-01**(Finalizada por CS271244)**
";3003296  -  QTD-01;  QTD
152550625;"SETOR-PCM  -  MOTIVO-ORDEM ABERTA PARA TRAVA DE VERBA (RC FAKE)  -  UNID-BARRA  -  COD-3003296  -  QTD-01**(Finalizada por CS271244)**
";3003296  -  QTD-01;  QTD
152550910;"SETOR-PCM  -  MOTIVO-ORDEM ABERTA PARA TRAVA DE VERBA (RC FAKE)  -  UNID-BARRA  -  COD-3003296  -  QTD-01														**(Finalizada por CS271244)**
";3003296  -  QTD-01;  QTD
152550914;"SETOR-PCM  -  MOTIVO-ORDEM ABERTA PARA TRAVA DE VERBA (RC FAKE)  -  UNID-BARRA  -  COD-3003296  -  QTD-01														**(Finalizada por CS271244)**
";3003296  -  QTD-01;  QTD
152554856;"SETOR-PCM  -  MOTIVO-ORDEM ABERTA PARA TRAVA DE VERBA  -  UNID-BARRA  -  COD-3003296  -  QTD-01**(Finalizada por CS271244)**
";3003296  -  QTD-01;  QTD
152557553;"SETOR-PCM  -  MOTIVO-ORDEM ABERTA PARA REQUISIÇÃO DE PEÇAS  -  UNID-BARRA  -  COD-3003293  -  QTD-01**(Finalizada por CS328251)**
";3003293  -  QTD-01;  QTD
152557554;"SETOR-PCM  -  MOTIVO-ORDEM ABERTA PARA REQUISIÇÃO DE PEÇAS  -  UNID-BARRA  -  COD-3003293  -  QTD-01**(Finalizada por CS328251)**
";3003293  -  QTD-01;  QTD
152558469;"SETOR-PCM  -  MOTIVO-ORDEM ABERTA PARA REQUISIÇÃO DE PEÇAS  -  UNID-BARRA  -  COD-3003293  -  QTD-01**(Finalizada por CS328251)**
";3003293  -  QTD-01;  QTD
152558897;"SETOR-PCM  -  MOTIVO-ORDEM ABERTA PARA RESERVA DE PEÇAS  -  UNID-BARRA  -  COD-3003293  -  QTD-01 - ORDEM CAPEX - ANTECIPAÇÃO DE PEÇAS.**(Finalizada por CS095713)**
";3003293  -  QTD-01;  QTD
152559231;"SETOR-PCM  -  MOTIVO-ORDEM ABERTA PARA REQUISIÇÃO DE PEÇAS  -  UNID-BARRA  -  COD-3003293  -  QTD-01**(Finalizada por CS271244)**
";3003293  -  QTD-01;  QTD
152559952;"SETOR-PCM  -  MOTIVO-ORDEM ABERTA PARA REQUISIÇÃO DE PEÇAS  -  UNID-DIAMANTE  -  COD-3003293  -  QTD-01**(Finalizada por CS271244)**
";3003293  -  QTD-01;  QTD
152559953;"SETOR-PCM  -  MOTIVO-ORDEM ABERTA PARA REQUISIÇÃO DE PEÇAS  -  UNID-DIAMANTE  -  COD-3003293  -  QTD-01
**(Finalizada por CS271244)**
";3003293  -  QTD-01;  QTD
152559954;"SETOR-PCM  -  MOTIVO-ORDEM ABERTA PARA REQUISIÇÃO DE PEÇAS  -  UNID-DIAMANTE  -  COD-3003293  -  QTD-01
**(Finalizada por CS271244)**
";3003293  -  QTD-01;  QTD
152560908;"SETOR-PCM  -  MOTIVO-ORDEM ABERTA PARA REQUISIÇÃO DE PEÇAS  -  UNID-BARRA  -  COD-3003293  -  QTD-01**(Finalizada por CS328251)**
";3003293  -  QTD-01;  QTD
152560917;"SETOR-PCM  -  MOTIVO-ORDEM ABERTA PARA RESERVA DE PEÇAS  -  UNID-BARRA  -  COD-3003293  -  QTD-01 - ANTECIPAÇÃO DE PEÇAS**(Finalizada por CS271244)**
";3003293  -  QTD-01;  QTD
152560918;"SETOR-PCM  -  MOTIVO-ORDEM ABERTA PARA RESERVA DE PEÇAS  -  UNID-BARRA  -  COD-3003293  -  QTD-01 - ANTECIPAÇÃO DE PEÇAS**(Finalizada por CS271244)**
";3003293  -  QTD-01;  QTD
152563572;"SETOR-PCM  -  MOTIVO-ORDEM ABERTA PARA RESERVA DE PEÇAS  -  UNID-BARRA  -  COD-3003293  -  QTD-01														**(Finalizada por CS271244)**
";3003293  -  QTD-01;  QTD
152564148;"SETOR-PCM  -  MOTIVO-ORDEM ABERTA PARA TRAVA DE VERBA (RC FAKE)  -  UNID-BARRA  -  COD-3003296  -  QTD-01														**(Finalizada por CS342111)**
";3003296  -  QTD-01;  QTD
152564264;"SETOR-PCM  -  MOTIVO-ORDEM ABERTA PARA TRAVA DE VERBA (RC FAKE)  -  UNID-BARRA  -  COD-3003296  -  QTD-01														**(Finalizada por CS342111)**
";3003296  -  QTD-01;  QTD
152564268;"SETOR-PCM  -  MOTIVO-ORDEM ABERTA PARA TRAVA DE VERBA (RC FAKE)  -  UNID-BARRA  -  COD-3003296  -  QTD-01														**(Finalizada por CS342111)**
";3003296  -  QTD-01;  QTD
152564450;"SETOR-PCM  -  MOTIVO-ORDEM ABERTA PARA RESERVA DE PEÇAS  -  UNID-BARRA  -  COD-3003293  -  QTD-01 - ( Chegou os materiais que estavam em atraso, por esse motivo está sendo aberta para executar o pagamento ).**(Finalizada por CS095713)**
";3003293  -  QTD-01;  QTD
152565645;"SETOR-PCM  -  MOTIVO-ORDEM ABERTA PARA REQUISIÇÃO DE PEÇAS  -  UNID-DIAMANTE  -  COD-3003293  -  QTD-02**(Finalizada por CS328251)**
";3003293  -  QTD-02;  QTD
152566237;"SETOR-PCM  -  MOTIVO-ORDEM ABERTA PARA REQUISIÇÃO DE PEÇAS  -  UNID-BARRA  -  COD-3003293  -  QTD-01**(Finalizada por CS271244)**
";3003293  -  QTD-01;  QTD
152567448;"SETOR-PCM  -  MOTIVO-ORDEM ABERTA PARA REQUISIÇÃO DE PEÇAS  -  UNID-BARRA  -  COD-3003293  -  QTD-01**(Finalizada por CS315737)**
";3003293  -  QTD-01;  QTD
152567449;"SETOR-PCM  -  MOTIVO-ORDEM ABERTA PARA REQUISIÇÃO DE PEÇAS  -  UNID-BARRA  -  COD-3003293  -  QTD-01**(Finalizada por CS315737)**
";3003293  -  QTD-01;  QTD
152567454;"SETOR-PCM  -  MOTIVO-ORDEM ABERTA PARA REQUISIÇÃO DE PEÇAS  -  UNID-BARRA  -  COD-3003293  -  QTD-01**(Finalizada por CS315737)**
";3003293  -  QTD-01;  QTD
152567455;"SETOR-PCM  -  MOTIVO-ORDEM ABERTA PARA REQUISIÇÃO DE PEÇAS  -  UNID-BARRA  -  COD-3003293  -  QTD-01**(Finalizada por CS315737)**
";3003293  -  QTD-01;  QTD
152569138;"SETOR-PCM  -  MOTIVO-ORDEM ABERTA PARA REQUISIÇÃO DE PEÇAS  -  UNID-BARRA  -  COD-3003293  -  QTD-01**(Finalizada por CS328251)**
";3003293  -  QTD-01;  QTD
152569139;"SETOR-PCM  -  MOTIVO-ORDEM ABERTA PARA REQUISIÇÃO DE PEÇAS  -  UNID-BARRA  -  COD-3003293  -  QTD-01
**(Finalizada por CS328251)**
";3003293  -  QTD-01;  QTD
152569140;"SETOR-PCM  -  MOTIVO-ORDEM ABERTA PARA REQUISIÇÃO DE PEÇAS  -  UNID-BARRA  -  COD-3003293  -  QTD-01**(Finalizada por CS315737)**
";3003293  -  QTD-01;  QTD
152569142;"SETOR-PCM  -  MOTIVO-ORDEM ABERTA PARA REQUISIÇÃO DE PEÇAS  -  UNID-BARRA  -  COD-3003293  -  QTD-01**(Finalizada por CS315737)**
";3003293  -  QTD-01;  QTD
